{"v":"5.5.2","fr":59.9400024414062,"ip":0,"op":120.0000048877,"w":512,"h":512,"nm":"001-angry","ddd":0,"assets":[],"layers":[{"ddd":0,"ind":1,"ty":4,"nm":"001-angry Outlines","sr":1,"ks":{"o":{"a":0,"k":100,"ix":11},"r":{"a":0,"k":0,"ix":10},"p":{"a":0,"k":[256,256,0],"ix":2},"a":{"a":0,"k":[256,256,0],"ix":1},"s":{"a":0,"k":[100,100,100],"ix":6}},"ao":0,"shapes":[{"ty":"gr","it":[{"ind":0,"ty":"sh","ix":1,"ks":{"a":1,"k":[{"i":{"x":0.667,"y":1},"o":{"x":0.333,"y":0},"t":15,"s":[{"i":[[0,27.492],[-19.636,0],[0,-27.491],[19.636,0]],"o":[[0,-27.491],[19.636,0],[0,27.492],[-19.636,0]],"v":[[-35.555,-0.001],[0,-49.777],[35.555,-0.001],[0,49.777]],"c":true}]},{"i":{"x":0.667,"y":1},"o":{"x":0.333,"y":0},"t":22.5,"s":[{"i":[[0,27.492],[-19.636,0],[0,-27.491],[19.636,0]],"o":[[0,-27.491],[19.636,0],[0,27.492],[-19.636,0]],"v":[[-35.5,-22.501],[0,-49.777],[35.61,-22.501],[0,20.277]],"c":true}]},{"i":{"x":0.667,"y":1},"o":{"x":0.333,"y":0},"t":37.5,"s":[{"i":[[0,27.492],[-19.636,0],[0,-27.491],[19.636,0]],"o":[[0,-27.491],[19.636,0],[0,27.492],[-19.636,0]],"v":[[-35.5,-22.501],[0,-49.777],[35.61,-22.501],[0,20.277]],"c":true}]},{"i":{"x":0.667,"y":1},"o":{"x":0.333,"y":0},"t":45,"s":[{"i":[[0,27.492],[-19.636,0],[0,-27.491],[19.636,0]],"o":[[0,-27.491],[19.636,0],[0,27.492],[-19.636,0]],"v":[[-35.5,-22.501],[0,-49.777],[35.61,-22.501],[0,20.277]],"c":true}]},{"t":52.5000021383688,"s":[{"i":[[0,27.492],[-19.636,0],[0,-27.491],[19.636,0]],"o":[[0,-27.491],[19.636,0],[0,27.492],[-19.636,0]],"v":[[-35.555,-0.001],[0,-49.777],[35.555,-0.001],[0,49.777]],"c":true}]}],"ix":2},"nm":"Path 1","mn":"ADBE Vector Shape - Group","hd":false},{"ty":"fl","c":{"a":1,"k":[{"i":{"x":[0.833],"y":[0.833]},"o":{"x":[0.167],"y":[0.167]},"t":26,"s":[0.160784319043,0.184313729405,0.20000000298,1]},{"i":{"x":[0.833],"y":[0.833]},"o":{"x":[0.167],"y":[0.167]},"t":30,"s":[0.160784319043,0.184313729405,0.20000000298,1]},{"t":34.0000013848484,"s":[0.160784319043,0.184313729405,0.20000000298,1]}],"ix":4},"o":{"a":0,"k":100,"ix":5},"r":1,"bm":0,"nm":"Fill 1","mn":"ADBE Vector Graphic - Fill","hd":false},{"ty":"tr","p":{"a":1,"k":[{"i":{"x":0.667,"y":1},"o":{"x":0.333,"y":0},"t":22.5,"s":[334.222,277.333],"to":[5.667,0],"ti":[2.667,0]},{"i":{"x":0.667,"y":1},"o":{"x":0.333,"y":0},"t":30,"s":[368.222,277.333],"to":[-2.667,0],"ti":[5.667,0]},{"i":{"x":0.667,"y":1},"o":{"x":0.333,"y":0},"t":37.5,"s":[318.222,277.333],"to":[-5.667,0],"ti":[-2.667,0]},{"t":45.0000018328876,"s":[334.222,277.333]}],"ix":2},"a":{"a":0,"k":[0,0],"ix":1},"s":{"a":0,"k":[100,100],"ix":3},"r":{"a":0,"k":0,"ix":6},"o":{"a":0,"k":100,"ix":7},"sk":{"a":0,"k":0,"ix":4},"sa":{"a":0,"k":0,"ix":5},"nm":"Transform"}],"nm":"R-Eye","np":2,"cix":2,"bm":0,"ix":1,"mn":"ADBE Vector Group","hd":false},{"ty":"gr","it":[{"ind":0,"ty":"sh","ix":1,"ks":{"a":0,"k":{"i":[[46.294,-46.293],[-5.561,-5.56],[0,0],[-4.236,3.406],[-19.865,6.418],[-0.412,0],[0.014,7.836],[7.852,0]],"o":[[-5.561,5.562],[0,0],[3.875,3.812],[15.489,-12.453],[29.271,-10.168],[7.851,-0.014],[0,-7.85],[-3.143,0]],"v":[[-66.246,11.369],[-66.246,31.478],[-66.164,31.561],[-51.871,32.057],[0.952,3.46],[57.599,-7.021],[71.793,-21.257],[57.586,-35.464]],"c":true},"ix":2},"nm":"Path 1","mn":"ADBE Vector Shape - Group","hd":false},{"ty":"fl","c":{"a":1,"k":[{"i":{"x":[0.833],"y":[0.833]},"o":{"x":[0.167],"y":[0.167]},"t":26,"s":[0.160784319043,0.184313729405,0.20000000298,1]},{"i":{"x":[0.833],"y":[0.833]},"o":{"x":[0.167],"y":[0.167]},"t":30,"s":[0.160784319043,0.184313729405,0.20000000298,1]},{"t":34.0000013848484,"s":[0.160784319043,0.184313729405,0.20000000298,1]}],"ix":4},"o":{"a":0,"k":100,"ix":5},"r":1,"bm":0,"nm":"Fill 1","mn":"ADBE Vector Graphic - Fill","hd":false},{"ty":"tr","p":{"a":1,"k":[{"i":{"x":0.667,"y":1},"o":{"x":0.333,"y":0},"t":0,"s":[354.859,234.575],"to":[0,-6.667],"ti":[0,6.667]},{"i":{"x":0.667,"y":1},"o":{"x":0.333,"y":0},"t":7.5,"s":[354.859,194.575],"to":[0,0],"ti":[0,0]},{"i":{"x":0.667,"y":1},"o":{"x":0.333,"y":0},"t":10.5,"s":[354.859,190.575],"to":[0,0],"ti":[0,0]},{"i":{"x":0.667,"y":1},"o":{"x":0.333,"y":0},"t":15,"s":[354.859,194.575],"to":[0,6.667],"ti":[-4,-6.667]},{"i":{"x":0.667,"y":1},"o":{"x":0.333,"y":0},"t":22.5,"s":[354.859,234.575],"to":[4,6.667],"ti":[2.667,0]},{"i":{"x":0.667,"y":1},"o":{"x":0.333,"y":0},"t":30,"s":[378.859,234.575],"to":[-2.667,0],"ti":[4,0]},{"i":{"x":0.667,"y":1},"o":{"x":0.333,"y":0},"t":37.5,"s":[338.859,234.575],"to":[-4,0],"ti":[-2.667,0]},{"i":{"x":0.667,"y":0.667},"o":{"x":0.333,"y":0.333},"t":45,"s":[354.859,234.575],"to":[0,0],"ti":[0,0]},{"t":60.0000024438501,"s":[354.859,234.575]}],"ix":2},"a":{"a":0,"k":[0,0],"ix":1},"s":{"a":0,"k":[100,100],"ix":3},"r":{"a":0,"k":0,"ix":6},"o":{"a":0,"k":100,"ix":7},"sk":{"a":0,"k":0,"ix":4},"sa":{"a":0,"k":0,"ix":5},"nm":"Transform"}],"nm":"R-Brow","np":2,"cix":2,"bm":0,"ix":2,"mn":"ADBE Vector Group","hd":false},{"ty":"gr","it":[{"ind":0,"ty":"sh","ix":1,"ks":{"a":1,"k":[{"i":{"x":0.667,"y":1},"o":{"x":0.333,"y":0},"t":15,"s":[{"i":[[0,27.492],[19.636,0],[0,-27.491],[-19.637,0]],"o":[[0,-27.491],[-19.637,0],[0,27.492],[19.636,0]],"v":[[35.555,-0.001],[0,-49.777],[-35.555,-0.001],[0,49.777]],"c":true}]},{"i":{"x":0.667,"y":1},"o":{"x":0.333,"y":0},"t":22.5,"s":[{"i":[[0,27.492],[19.636,0],[0,-27.491],[-19.637,0]],"o":[[0,-27.491],[-19.637,0],[0,27.492],[19.636,0]],"v":[[35.61,-22.501],[0,-49.777],[-35.5,-22.501],[0,20.277]],"c":true}]},{"i":{"x":0.667,"y":1},"o":{"x":0.333,"y":0},"t":30,"s":[{"i":[[0,27.492],[9.721,11.445],[0,-27.491],[-19.637,0]],"o":[[0,-27.491],[-12.712,-14.967],[0,27.492],[19.636,0]],"v":[[35.61,-22.501],[0,-49.777],[-35.5,-22.501],[0,20.277]],"c":true}]},{"i":{"x":0.667,"y":1},"o":{"x":0.333,"y":0},"t":37.5,"s":[{"i":[[0,27.492],[19.636,0],[0,-27.491],[-19.637,0]],"o":[[0,-27.491],[-19.637,0],[0,27.492],[19.636,0]],"v":[[35.61,-22.501],[0,-49.777],[-35.5,-22.501],[0,20.277]],"c":true}]},{"i":{"x":0.667,"y":1},"o":{"x":0.333,"y":0},"t":45,"s":[{"i":[[0,27.492],[19.636,0],[0,-27.491],[-19.637,0]],"o":[[0,-27.491],[-19.637,0],[0,27.492],[19.636,0]],"v":[[35.61,-22.501],[0,-49.777],[-35.5,-22.501],[0,20.277]],"c":true}]},{"t":52.5000021383688,"s":[{"i":[[0,27.492],[19.636,0],[0,-27.491],[-19.637,0]],"o":[[0,-27.491],[-19.637,0],[0,27.492],[19.636,0]],"v":[[35.555,-0.001],[0,-49.777],[-35.555,-0.001],[0,49.777]],"c":true}]}],"ix":2},"nm":"Path 1","mn":"ADBE Vector Shape - Group","hd":false},{"ty":"fl","c":{"a":1,"k":[{"i":{"x":[0.833],"y":[0.833]},"o":{"x":[0.167],"y":[0.167]},"t":26,"s":[0.160784319043,0.184313729405,0.20000000298,1]},{"i":{"x":[0.833],"y":[0.833]},"o":{"x":[0.167],"y":[0.167]},"t":30,"s":[0.160784319043,0.184313729405,0.20000000298,1]},{"t":34.0000013848484,"s":[0.160784319043,0.184313729405,0.20000000298,1]}],"ix":4},"o":{"a":0,"k":100,"ix":5},"r":1,"bm":0,"nm":"Fill 1","mn":"ADBE Vector Graphic - Fill","hd":false},{"ty":"tr","p":{"a":1,"k":[{"i":{"x":0.667,"y":1},"o":{"x":0.333,"y":0},"t":22.5,"s":[177.779,277.333],"to":[5,0],"ti":[2.667,0]},{"i":{"x":0.667,"y":1},"o":{"x":0.333,"y":0},"t":30,"s":[207.779,277.333],"to":[-2.667,0],"ti":[5,0]},{"i":{"x":0.667,"y":1},"o":{"x":0.333,"y":0},"t":37.5,"s":[161.779,277.333],"to":[-5,0],"ti":[-2.667,0]},{"t":45.0000018328876,"s":[177.779,277.333]}],"ix":2},"a":{"a":0,"k":[0,0],"ix":1},"s":{"a":0,"k":[100,100],"ix":3},"r":{"a":0,"k":0,"ix":6},"o":{"a":0,"k":100,"ix":7},"sk":{"a":0,"k":0,"ix":4},"sa":{"a":0,"k":0,"ix":5},"nm":"Transform"}],"nm":"L-Eye","np":2,"cix":2,"bm":0,"ix":3,"mn":"ADBE Vector Group","hd":false},{"ty":"gr","it":[{"ind":0,"ty":"sh","ix":1,"ks":{"a":0,"k":{"i":[[5.56,5.562],[3.143,0],[0,-7.85],[-7.851,-0.014],[-29.27,-10.168],[-15.49,-12.453],[-3.875,3.812],[-0.028,0.027]],"o":[[-46.293,-46.293],[-7.851,0],[-0.014,7.836],[0.412,0],[19.866,6.418],[4.236,3.406],[0.027,-0.027],[5.56,-5.56]],"v":[[66.247,11.369],[-57.586,-35.464],[-71.793,-21.257],[-57.599,-7.021],[-0.952,3.46],[51.871,32.057],[66.164,31.561],[66.247,31.478]],"c":true},"ix":2},"nm":"Path 1","mn":"ADBE Vector Shape - Group","hd":false},{"ty":"fl","c":{"a":1,"k":[{"i":{"x":[0.833],"y":[0.833]},"o":{"x":[0.167],"y":[0.167]},"t":26,"s":[0.160784319043,0.184313729405,0.20000000298,1]},{"i":{"x":[0.833],"y":[0.833]},"o":{"x":[0.167],"y":[0.167]},"t":30,"s":[0.160784319043,0.184313729405,0.20000000298,1]},{"t":34.0000013848484,"s":[0.160784319043,0.184313729405,0.20000000298,1]}],"ix":4},"o":{"a":0,"k":100,"ix":5},"r":1,"bm":0,"nm":"Fill 1","mn":"ADBE Vector Graphic - Fill","hd":false},{"ty":"tr","p":{"a":1,"k":[{"i":{"x":0.667,"y":1},"o":{"x":0.333,"y":0},"t":0,"s":[157.142,234.575],"to":[0,-6.667],"ti":[0,6.667]},{"i":{"x":0.667,"y":1},"o":{"x":0.333,"y":0},"t":7.5,"s":[157.142,194.575],"to":[0,0],"ti":[0,0]},{"i":{"x":0.667,"y":1},"o":{"x":0.333,"y":0},"t":10.5,"s":[157.142,190.575],"to":[0,0],"ti":[0,0]},{"i":{"x":0.667,"y":1},"o":{"x":0.333,"y":0},"t":15,"s":[157.142,194.575],"to":[0,6.667],"ti":[-4,-6.667]},{"i":{"x":0.667,"y":1},"o":{"x":0.333,"y":0},"t":22.5,"s":[157.142,234.575],"to":[4,6.667],"ti":[2.667,0]},{"i":{"x":0.667,"y":1},"o":{"x":0.333,"y":0},"t":30,"s":[181.142,234.575],"to":[-2.667,0],"ti":[4,0]},{"i":{"x":0.667,"y":1},"o":{"x":0.333,"y":0},"t":37.5,"s":[141.142,234.575],"to":[-4,0],"ti":[-2.667,0]},{"i":{"x":0.667,"y":0.667},"o":{"x":0.333,"y":0.333},"t":45,"s":[157.142,234.575],"to":[0,0],"ti":[0,0]},{"t":60.0000024438501,"s":[157.142,234.575]}],"ix":2},"a":{"a":0,"k":[0,0],"ix":1},"s":{"a":0,"k":[100,100],"ix":3},"r":{"a":0,"k":0,"ix":6},"o":{"a":0,"k":100,"ix":7},"sk":{"a":0,"k":0,"ix":4},"sa":{"a":0,"k":0,"ix":5},"nm":"Transform"}],"nm":"L-Brow","np":2,"cix":2,"bm":0,"ix":4,"mn":"ADBE Vector Group","hd":false},{"ty":"gr","it":[{"ind":0,"ty":"sh","ix":1,"ks":{"a":1,"k":[{"i":{"x":0.833,"y":0.833},"o":{"x":0.167,"y":0.167},"t":0,"s":[{"i":[[0.781,3.1],[89.843,0],[0.626,-2.545],[-2.759,-1.593],[-2.275,2.219],[-66.774,0],[-0.255,-0.27],[-1.82,0],[-1.095,0.611]],"o":[[-0.641,-2.546],[-89.857,0],[-0.782,3.086],[2.774,1.55],[0.27,-0.27],[66.759,0],[1.365,1.337],[1.195,0],[2.787,-1.592]],"v":[[106.455,26.424],[0.001,-35.853],[-106.453,26.424],[-103.082,34.304],[-94.563,33.208],[0.001,6.812],[94.549,33.208],[99.555,35.255],[103.054,34.346]],"c":true}]},{"i":{"x":0.833,"y":0.833},"o":{"x":0.167,"y":0.167},"t":8,"s":[{"i":[[0.781,3.1],[89.843,0],[0.626,-2.545],[-2.759,-1.593],[-2.275,2.219],[-66.774,0],[-0.255,-0.27],[-1.82,0],[-1.095,0.611]],"o":[[-0.641,-2.546],[-89.857,0],[-0.782,3.086],[2.774,1.55],[0.27,-0.27],[66.759,0],[1.365,1.337],[1.195,0],[2.787,-1.592]],"v":[[106.455,26.424],[0.001,-35.853],[-106.453,26.424],[-103.082,34.304],[-94.563,33.208],[0.001,14.812],[94.549,33.208],[99.555,35.255],[103.054,34.346]],"c":true}]},{"t":22.0000008960784,"s":[{"i":[[0.781,3.1],[89.843,0],[0.626,-2.545],[-2.759,-1.593],[-2.275,2.219],[-66.774,0],[-0.255,-0.27],[-1.82,0],[-1.095,0.611]],"o":[[-0.641,-2.546],[-89.857,0],[-0.782,3.086],[2.774,1.55],[0.27,-0.27],[66.759,0],[1.365,1.337],[1.195,0],[2.787,-1.592]],"v":[[106.455,26.424],[0.001,-35.853],[-106.453,26.424],[-103.082,34.304],[-94.564,33.208],[0.001,6.812],[94.55,33.208],[99.556,35.255],[103.055,34.346]],"c":true}]}],"ix":2},"nm":"Path 1","mn":"ADBE Vector Shape - Group","hd":false},{"ty":"fl","c":{"a":1,"k":[{"i":{"x":[0.833],"y":[0.833]},"o":{"x":[0.167],"y":[0.167]},"t":26,"s":[0.160784319043,0.184313729405,0.20000000298,1]},{"i":{"x":[0.833],"y":[0.833]},"o":{"x":[0.167],"y":[0.167]},"t":30,"s":[0.160784319043,0.184313729405,0.20000000298,1]},{"t":34.0000013848484,"s":[0.160784319043,0.184313729405,0.20000000298,1]}],"ix":4},"o":{"a":0,"k":100,"ix":5},"r":1,"bm":0,"nm":"Fill 1","mn":"ADBE Vector Graphic - Fill","hd":false},{"ty":"tr","p":{"a":0,"k":[256,398.522],"ix":2},"a":{"a":0,"k":[0,0],"ix":1},"s":{"a":0,"k":[100,100],"ix":3},"r":{"a":0,"k":0,"ix":6},"o":{"a":0,"k":100,"ix":7},"sk":{"a":0,"k":0,"ix":4},"sa":{"a":0,"k":0,"ix":5},"nm":"Transform"}],"nm":"Mouth","np":2,"cix":2,"bm":0,"ix":5,"mn":"ADBE Vector Group","hd":false},{"ty":"gr","it":[{"ind":0,"ty":"sh","ix":1,"ks":{"a":0,"k":{"i":[[0,-141.369],[141.383,0],[0,141.383],[-141.369,0]],"o":[[0,141.383],[-141.369,0],[0,-141.369],[141.383,0]],"v":[[256,0],[0,256],[-256,0],[0,-256]],"c":true},"ix":2},"nm":"Path 1","mn":"ADBE Vector Shape - Group","hd":false},{"ty":"fl","c":{"a":1,"k":[{"i":{"x":[0.833],"y":[0.833]},"o":{"x":[0.167],"y":[0.167]},"t":26,"s":[0.854901969433,0.184313729405,0.278431385756,1]},{"i":{"x":[0.833],"y":[0.833]},"o":{"x":[0.167],"y":[0.167]},"t":30,"s":[0.854901969433,0.184313729405,0.278431385756,1]},{"t":34.0000013848484,"s":[0.854901969433,0.184313729405,0.278431385756,1]}],"ix":4},"o":{"a":0,"k":100,"ix":5},"r":1,"bm":0,"nm":"Fill 1","mn":"ADBE Vector Graphic - Fill","hd":false},{"ty":"tr","p":{"a":0,"k":[256,256],"ix":2},"a":{"a":0,"k":[0,0],"ix":1},"s":{"a":0,"k":[100,100],"ix":3},"r":{"a":0,"k":0,"ix":6},"o":{"a":0,"k":100,"ix":7},"sk":{"a":0,"k":0,"ix":4},"sa":{"a":0,"k":0,"ix":5},"nm":"Transform"}],"nm":"Face","np":2,"cix":2,"bm":0,"ix":6,"mn":"ADBE Vector Group","hd":false}],"ip":0,"op":120.0000048877,"st":0,"bm":0}],"markers":[]}