{"v":"5.6.9","fr":55.0460662841797,"ip":0,"op":276.000332348101,"w":500,"h":500,"nm":"Emojis - Like","ddd":0,"assets":[],"layers":[{"ddd":0,"ind":1,"ty":4,"nm":"Hand Outlines 5","sr":1,"ks":{"o":{"a":1,"k":[{"i":{"x":[0.667],"y":[1]},"o":{"x":[0.333],"y":[0]},"t":179,"s":[100]},{"t":269.000323918983,"s":[50]}],"ix":11},"r":{"a":1,"k":[{"i":{"x":[0.833],"y":[1]},"o":{"x":[0.167],"y":[0]},"t":169,"s":[0]},{"i":{"x":[0.833],"y":[1]},"o":{"x":[0.167],"y":[0]},"t":179,"s":[-3]},{"i":{"x":[0.833],"y":[1]},"o":{"x":[0.167],"y":[0]},"t":236,"s":[10]},{"t":269.000323918983,"s":[0]}],"ix":10},"p":{"a":1,"k":[{"i":{"x":0.34,"y":1},"o":{"x":0.333,"y":0},"t":169,"s":[252.048,355.798,0],"to":[0,0,0],"ti":[0.34,0.403,0]},{"i":{"x":0.667,"y":1},"o":{"x":0.66,"y":0},"t":179,"s":[252.048,335.798,0],"to":[-153.693,-182.602,0],"ti":[153.452,167.202,0]},{"t":269.000323918983,"s":[252.048,-14.202,0]}],"ix":2},"a":{"a":0,"k":[116.189,225.863,0],"ix":1},"s":{"a":1,"k":[{"i":{"x":[0.583,0.583,0.583],"y":[1,1,1]},"o":{"x":[0.167,0.167,0.167],"y":[0,0,0]},"t":169,"s":[100,100,100]},{"i":{"x":[0.833,0.833,0.833],"y":[1,1,1]},"o":{"x":[0.417,0.417,0.417],"y":[0,0,0]},"t":174,"s":[105,105,100]},{"i":{"x":[0.833,0.833,0.833],"y":[1,1,1]},"o":{"x":[0.167,0.167,0.167],"y":[0,0,0]},"t":179,"s":[100,100,100]},{"t":269.000323918983,"s":[90,90,100]}],"ix":6}},"ao":0,"shapes":[{"ty":"gr","it":[{"ind":0,"ty":"sh","ix":1,"ks":{"a":0,"k":{"i":[[0,0],[0,0],[0,18.677],[30.332,0],[0,-13.903],[-1.966,-6.881],[6.038,-9.83],[0,-26.4],[0,0],[-41.566,0],[0,0],[0,17.974],[3.65,2.668],[0,16.71],[4.93,3.931],[0,14.745],[9.829,5.617],[0,12.358]],"o":[[-32.855,-11.379],[0,0],[0,0],[0,0],[0,0],[1.967,6.88],[0,0],[0,0],[0,0],[0,0],[0,0],[0,0],[0,0],[0,0],[0,0],[0,0],[0,0],[0,-12.357]],"v":[[67.827,-25.628],[-9.268,-25.628],[1.405,-69.581],[-26.961,-105.951],[-44.515,-93.735],[-42.83,-79.692],[-45.357,-49.641],[-76.392,17.624],[-76.392,88.118],[-34.685,107.497],[39.18,107.497],[54.987,89.663],[51.257,79.833],[67.827,57.225],[63.327,45.984],[75.404,27.594],[66.417,7.092],[76.392,-10.602]],"c":true},"ix":2},"nm":"Path 1","mn":"ADBE Vector Shape - Group","hd":false},{"ty":"fl","c":{"a":0,"k":[1,1,1,1],"ix":4},"o":{"a":0,"k":100,"ix":5},"r":1,"bm":0,"nm":"Fill 1","mn":"ADBE Vector Graphic - Fill","hd":false},{"ty":"tr","p":{"a":0,"k":[153.736,107.888],"ix":2},"a":{"a":0,"k":[0,0],"ix":1},"s":{"a":0,"k":[100,100],"ix":3},"r":{"a":0,"k":0,"ix":6},"o":{"a":0,"k":100,"ix":7},"sk":{"a":0,"k":0,"ix":4},"sa":{"a":0,"k":0,"ix":5},"nm":"Transform"}],"nm":"Group 1","np":2,"cix":2,"bm":0,"ix":1,"mn":"ADBE Vector Group","hd":false},{"ty":"gr","it":[{"ind":0,"ty":"sh","ix":1,"ks":{"a":0,"k":{"i":[[9.342,0],[0,0],[0,9.342],[0,0],[-9.341,0],[0,0],[0,-9.342],[0,0]],"o":[[0,0],[-9.341,0],[0,0],[0,-9.342],[0,0],[9.342,0],[0,0],[0,9.342]],"v":[[11.873,66.141],[-11.874,66.141],[-28.788,49.227],[-28.788,-49.226],[-11.874,-66.141],[11.873,-66.141],[28.788,-49.226],[28.788,49.227]],"c":true},"ix":2},"nm":"Path 1","mn":"ADBE Vector Shape - Group","hd":false},{"ty":"fl","c":{"a":0,"k":[1,1,1,1],"ix":4},"o":{"a":0,"k":100,"ix":5},"r":1,"bm":0,"nm":"Fill 1","mn":"ADBE Vector Graphic - Fill","hd":false},{"ty":"tr","p":{"a":0,"k":[29.038,159.916],"ix":2},"a":{"a":0,"k":[0,0],"ix":1},"s":{"a":0,"k":[100,100],"ix":3},"r":{"a":0,"k":0,"ix":6},"o":{"a":0,"k":100,"ix":7},"sk":{"a":0,"k":0,"ix":4},"sa":{"a":0,"k":0,"ix":5},"nm":"Transform"}],"nm":"Group 2","np":2,"cix":2,"bm":0,"ix":2,"mn":"ADBE Vector Group","hd":false}],"ip":169.000203503004,"op":375.00045155992,"st":99.000119211819,"bm":0},{"ddd":0,"ind":2,"ty":4,"nm":"Hand Outlines 4","sr":1,"ks":{"o":{"a":1,"k":[{"i":{"x":[0.667],"y":[1]},"o":{"x":[0.333],"y":[0]},"t":146,"s":[100]},{"t":236.00028418171,"s":[50]}],"ix":11},"r":{"a":1,"k":[{"i":{"x":[0.667],"y":[1]},"o":{"x":[0.333],"y":[0]},"t":66,"s":[90]},{"i":{"x":[0.667],"y":[1]},"o":{"x":[0.333],"y":[0]},"t":86,"s":[-10]},{"i":{"x":[0.667],"y":[1]},"o":{"x":[0.333],"y":[0]},"t":96,"s":[8]},{"i":{"x":[0.667],"y":[1]},"o":{"x":[0.333],"y":[0]},"t":103,"s":[-6]},{"i":{"x":[0.667],"y":[1]},"o":{"x":[0.333],"y":[0]},"t":108,"s":[4]},{"i":{"x":[0.667],"y":[1]},"o":{"x":[0.333],"y":[0]},"t":112,"s":[-2]},{"i":{"x":[0.833],"y":[1]},"o":{"x":[0.333],"y":[0]},"t":114,"s":[0]},{"i":{"x":[0.833],"y":[1]},"o":{"x":[0.167],"y":[0]},"t":136,"s":[0]},{"i":{"x":[0.833],"y":[1]},"o":{"x":[0.167],"y":[0]},"t":146,"s":[3]},{"i":{"x":[0.833],"y":[1]},"o":{"x":[0.167],"y":[0]},"t":202,"s":[-10]},{"t":236.00028418171,"s":[0]}],"ix":10},"p":{"a":1,"k":[{"i":{"x":0.34,"y":1},"o":{"x":0.333,"y":0},"t":136,"s":[250.548,349.798,0],"to":[0,0,0],"ti":[-0.337,0.406,0]},{"i":{"x":0.667,"y":1},"o":{"x":0.66,"y":0},"t":146,"s":[252.048,335.798,0],"to":[155.307,-187.102,0],"ti":[-125.048,183.202,0]},{"t":236.00028418171,"s":[252.048,-14.202,0]}],"ix":2},"a":{"a":0,"k":[116.189,225.863,0],"ix":1},"s":{"a":1,"k":[{"i":{"x":[0.583,0.583,0.583],"y":[1,1,1]},"o":{"x":[0.167,0.167,0.167],"y":[0,0,0]},"t":136,"s":[100,100,100]},{"i":{"x":[0.833,0.833,0.833],"y":[1,1,1]},"o":{"x":[0.417,0.417,0.417],"y":[0,0,0]},"t":141,"s":[105,105,100]},{"i":{"x":[0.833,0.833,0.833],"y":[1,1,1]},"o":{"x":[0.167,0.167,0.167],"y":[0,0,0]},"t":146,"s":[100,100,100]},{"t":236.00028418171,"s":[90,90,100]}],"ix":6}},"ao":0,"shapes":[{"ty":"gr","it":[{"ind":0,"ty":"sh","ix":1,"ks":{"a":0,"k":{"i":[[0,0],[0,0],[0,18.677],[30.332,0],[0,-13.903],[-1.966,-6.881],[6.038,-9.83],[0,-26.4],[0,0],[-41.566,0],[0,0],[0,17.974],[3.65,2.668],[0,16.71],[4.93,3.931],[0,14.745],[9.829,5.617],[0,12.358]],"o":[[-32.855,-11.379],[0,0],[0,0],[0,0],[0,0],[1.967,6.88],[0,0],[0,0],[0,0],[0,0],[0,0],[0,0],[0,0],[0,0],[0,0],[0,0],[0,0],[0,-12.357]],"v":[[67.827,-25.628],[-9.268,-25.628],[1.405,-69.581],[-26.961,-105.951],[-44.515,-93.735],[-42.83,-79.692],[-45.357,-49.641],[-76.392,17.624],[-76.392,88.118],[-34.685,107.497],[39.18,107.497],[54.987,89.663],[51.257,79.833],[67.827,57.225],[63.327,45.984],[75.404,27.594],[66.417,7.092],[76.392,-10.602]],"c":true},"ix":2},"nm":"Path 1","mn":"ADBE Vector Shape - Group","hd":false},{"ty":"fl","c":{"a":0,"k":[1,1,1,1],"ix":4},"o":{"a":0,"k":100,"ix":5},"r":1,"bm":0,"nm":"Fill 1","mn":"ADBE Vector Graphic - Fill","hd":false},{"ty":"tr","p":{"a":0,"k":[153.736,107.888],"ix":2},"a":{"a":0,"k":[0,0],"ix":1},"s":{"a":0,"k":[100,100],"ix":3},"r":{"a":0,"k":0,"ix":6},"o":{"a":0,"k":100,"ix":7},"sk":{"a":0,"k":0,"ix":4},"sa":{"a":0,"k":0,"ix":5},"nm":"Transform"}],"nm":"Group 1","np":2,"cix":2,"bm":0,"ix":1,"mn":"ADBE Vector Group","hd":false},{"ty":"gr","it":[{"ind":0,"ty":"sh","ix":1,"ks":{"a":0,"k":{"i":[[9.342,0],[0,0],[0,9.342],[0,0],[-9.341,0],[0,0],[0,-9.342],[0,0]],"o":[[0,0],[-9.341,0],[0,0],[0,-9.342],[0,0],[9.342,0],[0,0],[0,9.342]],"v":[[11.873,66.141],[-11.874,66.141],[-28.788,49.227],[-28.788,-49.226],[-11.874,-66.141],[11.873,-66.141],[28.788,-49.226],[28.788,49.227]],"c":true},"ix":2},"nm":"Path 1","mn":"ADBE Vector Shape - Group","hd":false},{"ty":"fl","c":{"a":0,"k":[1,1,1,1],"ix":4},"o":{"a":0,"k":100,"ix":5},"r":1,"bm":0,"nm":"Fill 1","mn":"ADBE Vector Graphic - Fill","hd":false},{"ty":"tr","p":{"a":0,"k":[29.038,159.916],"ix":2},"a":{"a":0,"k":[0,0],"ix":1},"s":{"a":0,"k":[100,100],"ix":3},"r":{"a":0,"k":0,"ix":6},"o":{"a":0,"k":100,"ix":7},"sk":{"a":0,"k":0,"ix":4},"sa":{"a":0,"k":0,"ix":5},"nm":"Transform"}],"nm":"Group 2","np":2,"cix":2,"bm":0,"ix":2,"mn":"ADBE Vector Group","hd":false}],"ip":136.000163765731,"op":342.000411822647,"st":66.000079474546,"bm":0},{"ddd":0,"ind":3,"ty":4,"nm":"Hand Outlines 3","sr":1,"ks":{"o":{"a":1,"k":[{"i":{"x":[0.667],"y":[1]},"o":{"x":[0.333],"y":[0]},"t":113,"s":[100]},{"t":203.000244444437,"s":[50]}],"ix":11},"r":{"a":1,"k":[{"i":{"x":[0.833],"y":[1]},"o":{"x":[0.167],"y":[0]},"t":103,"s":[0]},{"i":{"x":[0.833],"y":[1]},"o":{"x":[0.167],"y":[0]},"t":113,"s":[-3]},{"i":{"x":[0.833],"y":[1]},"o":{"x":[0.167],"y":[0]},"t":170,"s":[10]},{"t":203.000244444437,"s":[0]}],"ix":10},"p":{"a":1,"k":[{"i":{"x":0.34,"y":1},"o":{"x":0.333,"y":0},"t":103,"s":[252.048,355.798,0],"to":[0,0,0],"ti":[0.34,0.403,0]},{"i":{"x":0.667,"y":1},"o":{"x":0.66,"y":0},"t":113,"s":[252.048,335.798,0],"to":[-153.693,-182.602,0],"ti":[153.452,167.202,0]},{"t":203.000244444437,"s":[252.048,-14.202,0]}],"ix":2},"a":{"a":0,"k":[116.189,225.863,0],"ix":1},"s":{"a":1,"k":[{"i":{"x":[0.583,0.583,0.583],"y":[1,1,1]},"o":{"x":[0.167,0.167,0.167],"y":[0,0,0]},"t":103,"s":[100,100,100]},{"i":{"x":[0.833,0.833,0.833],"y":[1,1,1]},"o":{"x":[0.417,0.417,0.417],"y":[0,0,0]},"t":108,"s":[105,105,100]},{"i":{"x":[0.833,0.833,0.833],"y":[1,1,1]},"o":{"x":[0.167,0.167,0.167],"y":[0,0,0]},"t":113,"s":[100,100,100]},{"t":203.000244444437,"s":[90,90,100]}],"ix":6}},"ao":0,"shapes":[{"ty":"gr","it":[{"ind":0,"ty":"sh","ix":1,"ks":{"a":0,"k":{"i":[[0,0],[0,0],[0,18.677],[30.332,0],[0,-13.903],[-1.966,-6.881],[6.038,-9.83],[0,-26.4],[0,0],[-41.566,0],[0,0],[0,17.974],[3.65,2.668],[0,16.71],[4.93,3.931],[0,14.745],[9.829,5.617],[0,12.358]],"o":[[-32.855,-11.379],[0,0],[0,0],[0,0],[0,0],[1.967,6.88],[0,0],[0,0],[0,0],[0,0],[0,0],[0,0],[0,0],[0,0],[0,0],[0,0],[0,0],[0,-12.357]],"v":[[67.827,-25.628],[-9.268,-25.628],[1.405,-69.581],[-26.961,-105.951],[-44.515,-93.735],[-42.83,-79.692],[-45.357,-49.641],[-76.392,17.624],[-76.392,88.118],[-34.685,107.497],[39.18,107.497],[54.987,89.663],[51.257,79.833],[67.827,57.225],[63.327,45.984],[75.404,27.594],[66.417,7.092],[76.392,-10.602]],"c":true},"ix":2},"nm":"Path 1","mn":"ADBE Vector Shape - Group","hd":false},{"ty":"fl","c":{"a":0,"k":[1,1,1,1],"ix":4},"o":{"a":0,"k":100,"ix":5},"r":1,"bm":0,"nm":"Fill 1","mn":"ADBE Vector Graphic - Fill","hd":false},{"ty":"tr","p":{"a":0,"k":[153.736,107.888],"ix":2},"a":{"a":0,"k":[0,0],"ix":1},"s":{"a":0,"k":[100,100],"ix":3},"r":{"a":0,"k":0,"ix":6},"o":{"a":0,"k":100,"ix":7},"sk":{"a":0,"k":0,"ix":4},"sa":{"a":0,"k":0,"ix":5},"nm":"Transform"}],"nm":"Group 1","np":2,"cix":2,"bm":0,"ix":1,"mn":"ADBE Vector Group","hd":false},{"ty":"gr","it":[{"ind":0,"ty":"sh","ix":1,"ks":{"a":0,"k":{"i":[[9.342,0],[0,0],[0,9.342],[0,0],[-9.341,0],[0,0],[0,-9.342],[0,0]],"o":[[0,0],[-9.341,0],[0,0],[0,-9.342],[0,0],[9.342,0],[0,0],[0,9.342]],"v":[[11.873,66.141],[-11.874,66.141],[-28.788,49.227],[-28.788,-49.226],[-11.874,-66.141],[11.873,-66.141],[28.788,-49.226],[28.788,49.227]],"c":true},"ix":2},"nm":"Path 1","mn":"ADBE Vector Shape - Group","hd":false},{"ty":"fl","c":{"a":0,"k":[1,1,1,1],"ix":4},"o":{"a":0,"k":100,"ix":5},"r":1,"bm":0,"nm":"Fill 1","mn":"ADBE Vector Graphic - Fill","hd":false},{"ty":"tr","p":{"a":0,"k":[29.038,159.916],"ix":2},"a":{"a":0,"k":[0,0],"ix":1},"s":{"a":0,"k":[100,100],"ix":3},"r":{"a":0,"k":0,"ix":6},"o":{"a":0,"k":100,"ix":7},"sk":{"a":0,"k":0,"ix":4},"sa":{"a":0,"k":0,"ix":5},"nm":"Transform"}],"nm":"Group 2","np":2,"cix":2,"bm":0,"ix":2,"mn":"ADBE Vector Group","hd":false}],"ip":103.000124028458,"op":309.000372085374,"st":33.000039737273,"bm":0},{"ddd":0,"ind":4,"ty":4,"nm":"Hand Outlines 2","sr":1,"ks":{"o":{"a":1,"k":[{"i":{"x":[0.667],"y":[1]},"o":{"x":[0.333],"y":[0]},"t":80,"s":[100]},{"t":170.000204707164,"s":[50]}],"ix":11},"r":{"a":1,"k":[{"i":{"x":[0.667],"y":[1]},"o":{"x":[0.333],"y":[0]},"t":0,"s":[90]},{"i":{"x":[0.667],"y":[1]},"o":{"x":[0.333],"y":[0]},"t":20,"s":[-10]},{"i":{"x":[0.667],"y":[1]},"o":{"x":[0.333],"y":[0]},"t":30,"s":[8]},{"i":{"x":[0.667],"y":[1]},"o":{"x":[0.333],"y":[0]},"t":37,"s":[-6]},{"i":{"x":[0.667],"y":[1]},"o":{"x":[0.333],"y":[0]},"t":42,"s":[4]},{"i":{"x":[0.667],"y":[1]},"o":{"x":[0.333],"y":[0]},"t":46,"s":[-2]},{"i":{"x":[0.833],"y":[1]},"o":{"x":[0.333],"y":[0]},"t":48,"s":[0]},{"i":{"x":[0.833],"y":[1]},"o":{"x":[0.167],"y":[0]},"t":70,"s":[0]},{"i":{"x":[0.833],"y":[1]},"o":{"x":[0.167],"y":[0]},"t":80,"s":[3]},{"i":{"x":[0.833],"y":[1]},"o":{"x":[0.167],"y":[0]},"t":136,"s":[-10]},{"t":170.000204707164,"s":[0]}],"ix":10},"p":{"a":1,"k":[{"i":{"x":0.34,"y":1},"o":{"x":0.333,"y":0},"t":70,"s":[250.548,349.798,0],"to":[0,0,0],"ti":[-0.337,0.406,0]},{"i":{"x":0.667,"y":1},"o":{"x":0.66,"y":0},"t":80,"s":[252.048,335.798,0],"to":[155.307,-187.102,0],"ti":[-125.048,183.202,0]},{"t":170.000204707164,"s":[252.048,-14.202,0]}],"ix":2},"a":{"a":0,"k":[116.189,225.863,0],"ix":1},"s":{"a":1,"k":[{"i":{"x":[0.583,0.583,0.583],"y":[1,1,1]},"o":{"x":[0.167,0.167,0.167],"y":[0,0,0]},"t":70,"s":[100,100,100]},{"i":{"x":[0.833,0.833,0.833],"y":[1,1,1]},"o":{"x":[0.417,0.417,0.417],"y":[0,0,0]},"t":75,"s":[105,105,100]},{"i":{"x":[0.833,0.833,0.833],"y":[1,1,1]},"o":{"x":[0.167,0.167,0.167],"y":[0,0,0]},"t":80,"s":[100,100,100]},{"t":170.000204707164,"s":[90,90,100]}],"ix":6}},"ao":0,"shapes":[{"ty":"gr","it":[{"ind":0,"ty":"sh","ix":1,"ks":{"a":0,"k":{"i":[[0,0],[0,0],[0,18.677],[30.332,0],[0,-13.903],[-1.966,-6.881],[6.038,-9.83],[0,-26.4],[0,0],[-41.566,0],[0,0],[0,17.974],[3.65,2.668],[0,16.71],[4.93,3.931],[0,14.745],[9.829,5.617],[0,12.358]],"o":[[-32.855,-11.379],[0,0],[0,0],[0,0],[0,0],[1.967,6.88],[0,0],[0,0],[0,0],[0,0],[0,0],[0,0],[0,0],[0,0],[0,0],[0,0],[0,0],[0,-12.357]],"v":[[67.827,-25.628],[-9.268,-25.628],[1.405,-69.581],[-26.961,-105.951],[-44.515,-93.735],[-42.83,-79.692],[-45.357,-49.641],[-76.392,17.624],[-76.392,88.118],[-34.685,107.497],[39.18,107.497],[54.987,89.663],[51.257,79.833],[67.827,57.225],[63.327,45.984],[75.404,27.594],[66.417,7.092],[76.392,-10.602]],"c":true},"ix":2},"nm":"Path 1","mn":"ADBE Vector Shape - Group","hd":false},{"ty":"fl","c":{"a":0,"k":[1,1,1,1],"ix":4},"o":{"a":0,"k":100,"ix":5},"r":1,"bm":0,"nm":"Fill 1","mn":"ADBE Vector Graphic - Fill","hd":false},{"ty":"tr","p":{"a":0,"k":[153.736,107.888],"ix":2},"a":{"a":0,"k":[0,0],"ix":1},"s":{"a":0,"k":[100,100],"ix":3},"r":{"a":0,"k":0,"ix":6},"o":{"a":0,"k":100,"ix":7},"sk":{"a":0,"k":0,"ix":4},"sa":{"a":0,"k":0,"ix":5},"nm":"Transform"}],"nm":"Group 1","np":2,"cix":2,"bm":0,"ix":1,"mn":"ADBE Vector Group","hd":false},{"ty":"gr","it":[{"ind":0,"ty":"sh","ix":1,"ks":{"a":0,"k":{"i":[[9.342,0],[0,0],[0,9.342],[0,0],[-9.341,0],[0,0],[0,-9.342],[0,0]],"o":[[0,0],[-9.341,0],[0,0],[0,-9.342],[0,0],[9.342,0],[0,0],[0,9.342]],"v":[[11.873,66.141],[-11.874,66.141],[-28.788,49.227],[-28.788,-49.226],[-11.874,-66.141],[11.873,-66.141],[28.788,-49.226],[28.788,49.227]],"c":true},"ix":2},"nm":"Path 1","mn":"ADBE Vector Shape - Group","hd":false},{"ty":"fl","c":{"a":0,"k":[1,1,1,1],"ix":4},"o":{"a":0,"k":100,"ix":5},"r":1,"bm":0,"nm":"Fill 1","mn":"ADBE Vector Graphic - Fill","hd":false},{"ty":"tr","p":{"a":0,"k":[29.038,159.916],"ix":2},"a":{"a":0,"k":[0,0],"ix":1},"s":{"a":0,"k":[100,100],"ix":3},"r":{"a":0,"k":0,"ix":6},"o":{"a":0,"k":100,"ix":7},"sk":{"a":0,"k":0,"ix":4},"sa":{"a":0,"k":0,"ix":5},"nm":"Transform"}],"nm":"Group 2","np":2,"cix":2,"bm":0,"ix":2,"mn":"ADBE Vector Group","hd":false}],"ip":70.0000842911852,"op":276.000332348101,"st":0,"bm":0},{"ddd":0,"ind":5,"ty":4,"nm":"Hand Outlines","sr":1,"ks":{"o":{"a":0,"k":100,"ix":11},"r":{"a":1,"k":[{"i":{"x":[0.667],"y":[1]},"o":{"x":[0.333],"y":[0]},"t":0,"s":[90]},{"i":{"x":[0.667],"y":[1]},"o":{"x":[0.333],"y":[0]},"t":20,"s":[-10]},{"i":{"x":[0.667],"y":[1]},"o":{"x":[0.333],"y":[0]},"t":30,"s":[8]},{"i":{"x":[0.667],"y":[1]},"o":{"x":[0.333],"y":[0]},"t":37,"s":[-6]},{"i":{"x":[0.667],"y":[1]},"o":{"x":[0.333],"y":[0]},"t":42,"s":[4]},{"i":{"x":[0.667],"y":[1]},"o":{"x":[0.333],"y":[0]},"t":46,"s":[-2]},{"t":48.0000577996698,"s":[0]}],"ix":10},"p":{"a":0,"k":[134.624,352.291,0],"ix":2},"a":{"a":0,"k":[0.189,228.154,0],"ix":1},"s":{"a":1,"k":[{"i":{"x":[0.667,0.667,0.667],"y":[1,1,1]},"o":{"x":[0.333,0.333,0.333],"y":[0,0,0]},"t":0,"s":[0,0,100]},{"i":{"x":[0.667,0.667,0.667],"y":[1,1,1]},"o":{"x":[0.333,0.333,0.333],"y":[0,0,0]},"t":20,"s":[120,120,100]},{"t":48.0000577996698,"s":[100,100,100]}],"ix":6}},"ao":0,"shapes":[{"ty":"gr","it":[{"ind":0,"ty":"sh","ix":1,"ks":{"a":0,"k":{"i":[[0,0],[0,0],[0,18.677],[30.332,0],[0,-13.903],[-1.966,-6.881],[6.038,-9.83],[0,-26.4],[0,0],[-41.566,0],[0,0],[0,17.974],[3.65,2.668],[0,16.71],[4.93,3.931],[0,14.745],[9.829,5.617],[0,12.358]],"o":[[-32.855,-11.379],[0,0],[0,0],[0,0],[0,0],[1.967,6.88],[0,0],[0,0],[0,0],[0,0],[0,0],[0,0],[0,0],[0,0],[0,0],[0,0],[0,0],[0,-12.357]],"v":[[67.827,-25.628],[-9.268,-25.628],[1.405,-69.581],[-26.961,-105.951],[-44.515,-93.735],[-42.83,-79.692],[-45.357,-49.641],[-76.392,17.624],[-76.392,88.118],[-34.685,107.497],[39.18,107.497],[54.987,89.663],[51.257,79.833],[67.827,57.225],[63.327,45.984],[75.404,27.594],[66.417,7.092],[76.392,-10.602]],"c":true},"ix":2},"nm":"Path 1","mn":"ADBE Vector Shape - Group","hd":false},{"ty":"fl","c":{"a":0,"k":[1,1,1,1],"ix":4},"o":{"a":0,"k":100,"ix":5},"r":1,"bm":0,"nm":"Fill 1","mn":"ADBE Vector Graphic - Fill","hd":false},{"ty":"tr","p":{"a":0,"k":[153.736,107.888],"ix":2},"a":{"a":0,"k":[0,0],"ix":1},"s":{"a":0,"k":[100,100],"ix":3},"r":{"a":0,"k":0,"ix":6},"o":{"a":0,"k":100,"ix":7},"sk":{"a":0,"k":0,"ix":4},"sa":{"a":0,"k":0,"ix":5},"nm":"Transform"}],"nm":"Group 1","np":2,"cix":2,"bm":0,"ix":1,"mn":"ADBE Vector Group","hd":false},{"ty":"gr","it":[{"ind":0,"ty":"sh","ix":1,"ks":{"a":0,"k":{"i":[[9.342,0],[0,0],[0,9.342],[0,0],[-9.341,0],[0,0],[0,-9.342],[0,0]],"o":[[0,0],[-9.341,0],[0,0],[0,-9.342],[0,0],[9.342,0],[0,0],[0,9.342]],"v":[[11.873,66.141],[-11.874,66.141],[-28.788,49.227],[-28.788,-49.226],[-11.874,-66.141],[11.873,-66.141],[28.788,-49.226],[28.788,49.227]],"c":true},"ix":2},"nm":"Path 1","mn":"ADBE Vector Shape - Group","hd":false},{"ty":"fl","c":{"a":0,"k":[1,1,1,1],"ix":4},"o":{"a":0,"k":100,"ix":5},"r":1,"bm":0,"nm":"Fill 1","mn":"ADBE Vector Graphic - Fill","hd":false},{"ty":"tr","p":{"a":0,"k":[29.038,159.916],"ix":2},"a":{"a":0,"k":[0,0],"ix":1},"s":{"a":0,"k":[100,100],"ix":3},"r":{"a":0,"k":0,"ix":6},"o":{"a":0,"k":100,"ix":7},"sk":{"a":0,"k":0,"ix":4},"sa":{"a":0,"k":0,"ix":5},"nm":"Transform"}],"nm":"Group 2","np":2,"cix":2,"bm":0,"ix":2,"mn":"ADBE Vector Group","hd":false}],"ip":0,"op":70.0000842911852,"st":0,"bm":0},{"ddd":0,"ind":6,"ty":4,"nm":"Blue Outlines","sr":1,"ks":{"o":{"a":0,"k":100,"ix":11},"r":{"a":0,"k":0,"ix":10},"p":{"a":0,"k":[249.984,249.93,0],"ix":2},"a":{"a":0,"k":[200.217,200.219,0],"ix":1},"s":{"a":0,"k":[100,100,100],"ix":6}},"ao":0,"shapes":[{"ty":"gr","it":[{"ind":1,"ty":"sh","ix":2,"ks":{"a":0,"k":{"i":[[0,-110.44],[-110.439,0],[0,110.439],[110.44,0]],"o":[[0,110.439],[110.44,0],[0,-110.44],[-110.439,0]],"v":[[-199.967,0],[0,199.968],[199.968,0],[0,-199.969]],"c":true},"ix":2},"nm":"Path 2","mn":"ADBE Vector Shape - Group","hd":false},{"ty":"mm","mm":4,"nm":"Merge Paths 1","mn":"ADBE Vector Filter - Merge","hd":false},{"ty":"fl","c":{"a":0,"k":[0.258819580078,0.407836914063,0.700836181641,1],"ix":4},"o":{"a":0,"k":100,"ix":5},"r":1,"bm":0,"nm":"Fill 1","mn":"ADBE Vector Graphic - Fill","hd":false},{"ty":"tr","p":{"a":0,"k":[200.217,200.219],"ix":2},"a":{"a":0,"k":[0,0],"ix":1},"s":{"a":0,"k":[100,100],"ix":3},"r":{"a":0,"k":0,"ix":6},"o":{"a":0,"k":100,"ix":7},"sk":{"a":0,"k":0,"ix":4},"sa":{"a":0,"k":0,"ix":5},"nm":"Transform"}],"nm":"Group 1","np":4,"cix":2,"bm":0,"ix":1,"mn":"ADBE Vector Group","hd":false}],"ip":0,"op":276.000332348101,"st":0,"bm":0},{"ddd":0,"ind":7,"ty":1,"nm":"White Solid 2","sr":1,"ks":{"o":{"a":0,"k":100,"ix":11},"r":{"a":0,"k":0,"ix":10},"p":{"a":0,"k":[250,250,0],"ix":2},"a":{"a":0,"k":[250,250,0],"ix":1},"s":{"a":0,"k":[100,100,100],"ix":6}},"ao":0,"sw":500,"sh":500,"sc":"#ffffff","ip":0,"op":276.000332348101,"st":0,"bm":0}],"markers":[]}