{"v":"5.5.2","fr":59.9400024414062,"ip":0,"op":120.0000048877,"w":512,"h":512,"nm":"005-love","ddd":0,"assets":[],"layers":[{"ddd":0,"ind":1,"ty":4,"nm":"005-love Outlines","sr":1,"ks":{"o":{"a":0,"k":100,"ix":11},"r":{"a":0,"k":0,"ix":10},"p":{"a":0,"k":[256,256,0],"ix":2},"a":{"a":0,"k":[256,256,0],"ix":1},"s":{"a":0,"k":[100,100,100],"ix":6}},"ao":0,"shapes":[{"ty":"gr","it":[{"ind":0,"ty":"sh","ix":1,"ks":{"a":0,"k":{"i":[[-1.692,4.893],[-34.573,-12.187],[-5.803,-19.826],[-20.949,-7.383],[12.187,-34.573],[2.689,-4.196],[48.554,-0.442],[-10.367,57.074]],"o":[[12.218,-34.574],[21.007,7.41],[16.939,-11.805],[34.561,12.202],[-1.749,4.907],[-27.747,50.944],[-37.49,-30.821],[0.54,-4.949]],"v":[[-111.567,-67.115],[-26.86,-107.649],[14.798,-63.489],[74.872,-71.751],[115.407,12.956],[108.679,26.581],[-47.794,113.778],[-114.866,-52.295]],"c":true},"ix":2},"nm":"Path 1","mn":"ADBE Vector Shape - Group","hd":false},{"ty":"fl","c":{"a":0,"k":[0.905999995213,0.352999997606,0.438999998803,1],"ix":4},"o":{"a":0,"k":100,"ix":5},"r":1,"bm":0,"nm":"Fill 1","mn":"ADBE Vector Graphic - Fill","hd":false},{"ty":"tr","p":{"a":0,"k":[386.767,113.778],"ix":2},"a":{"a":0,"k":[0,0],"ix":1},"s":{"a":1,"k":[{"i":{"x":[0.667,0.667],"y":[1,1]},"o":{"x":[0.333,0.333],"y":[0,0]},"t":0,"s":[100,100]},{"i":{"x":[0.667,0.667],"y":[1,1]},"o":{"x":[0.333,0.333],"y":[0,0]},"t":30.003,"s":[75,75]},{"i":{"x":[0.667,0.667],"y":[1,1]},"o":{"x":[0.333,0.333],"y":[0,0]},"t":59.998,"s":[100,100]},{"i":{"x":[0.667,0.667],"y":[1,1]},"o":{"x":[0.167,0.167],"y":[0,0]},"t":90,"s":[75,75]},{"t":119.000004846969,"s":[100,100]}],"ix":3},"r":{"a":0,"k":0,"ix":6},"o":{"a":0,"k":100,"ix":7},"sk":{"a":0,"k":0,"ix":4},"sa":{"a":0,"k":0,"ix":5},"nm":"Transform"}],"nm":"R-Heart","np":4,"cix":2,"bm":0,"ix":1,"mn":"ADBE Vector Group","hd":false},{"ty":"gr","it":[{"ind":0,"ty":"sh","ix":1,"ks":{"a":0,"k":{"i":[[1.707,4.893],[34.589,-12.187],[5.789,-19.826],[20.95,-7.382],[-12.203,-34.573],[-2.674,-4.196],[-48.554,-0.442],[10.367,57.074]],"o":[[-12.217,-34.574],[-20.992,7.411],[-16.939,-11.805],[-34.574,12.202],[1.734,4.907],[27.747,50.944],[37.489,-30.821],[-0.539,-4.949]],"v":[[111.56,-67.115],[26.852,-107.649],[-14.79,-63.488],[-74.865,-71.751],[-115.398,12.956],[-108.686,26.581],[47.787,113.778],[114.873,-52.295]],"c":true},"ix":2},"nm":"Path 1","mn":"ADBE Vector Shape - Group","hd":false},{"ty":"fl","c":{"a":0,"k":[0.905999995213,0.352999997606,0.438999998803,1],"ix":4},"o":{"a":0,"k":100,"ix":5},"r":1,"bm":0,"nm":"Fill 1","mn":"ADBE Vector Graphic - Fill","hd":false},{"ty":"tr","p":{"a":0,"k":[125.24,113.778],"ix":2},"a":{"a":0,"k":[0,0],"ix":1},"s":{"a":1,"k":[{"i":{"x":[0.667,0.667],"y":[1,1]},"o":{"x":[0.333,0.333],"y":[0,0]},"t":0,"s":[100,100]},{"i":{"x":[0.667,0.667],"y":[1,1]},"o":{"x":[0.333,0.333],"y":[0,0]},"t":30,"s":[75,75]},{"i":{"x":[0.667,0.667],"y":[1,1]},"o":{"x":[0.333,0.333],"y":[0,0]},"t":59.998,"s":[100,100]},{"i":{"x":[0.667,0.667],"y":[1,1]},"o":{"x":[0.167,0.167],"y":[0,0]},"t":90,"s":[75,75]},{"t":119.000004846969,"s":[100,100]}],"ix":3},"r":{"a":0,"k":0,"ix":6},"o":{"a":0,"k":100,"ix":7},"sk":{"a":0,"k":0,"ix":4},"sa":{"a":0,"k":0,"ix":5},"nm":"Transform"}],"nm":"L-Heart","np":4,"cix":2,"bm":0,"ix":2,"mn":"ADBE Vector Group","hd":false},{"ty":"gr","it":[{"ind":0,"ty":"sh","ix":1,"ks":{"a":1,"k":[{"i":{"x":0.667,"y":1},"o":{"x":0.333,"y":0},"t":0,"s":[{"i":[[42.197,0],[34.618,6.726],[0,-23.281],[-74.581,0],[0,46.592],[7.907,-1.537]],"o":[[-42.183,0],[-7.921,-1.522],[0,46.593],[74.581,0],[0,-23.281],[-34.603,6.727]],"v":[[0,-51.634],[-104.804,-63.281],[-128.1,-40],[0,64.817],[128.1,-40],[104.804,-63.281]],"c":true}]},{"i":{"x":0.667,"y":1},"o":{"x":0.333,"y":0},"t":20.17,"s":[{"i":[[42.197,0],[34.618,6.726],[0,-23.281],[-95,-0.206],[0,46.592],[7.907,-1.537]],"o":[[-42.183,0],[-7.921,-1.522],[0,46.593],[96.003,0.208],[0,-23.281],[-34.603,6.727]],"v":[[0,-61.634],[-114.804,-73.281],[-138.1,-50],[0,64.817],[138.1,-50],[114.804,-73.281]],"c":true}]},{"i":{"x":0.667,"y":1},"o":{"x":0.333,"y":0},"t":60.508,"s":[{"i":[[42.197,0],[34.618,6.726],[0,-23.281],[-95,-0.206],[0,46.592],[7.907,-1.537]],"o":[[-42.183,0],[-7.921,-1.522],[0,46.593],[96.003,0.208],[0,-23.281],[-34.603,6.727]],"v":[[0,-61.634],[-114.804,-73.281],[-138.1,-50],[0,64.817],[138.1,-50],[114.804,-73.281]],"c":true}]},{"t":119.000004846969,"s":[{"i":[[42.197,0],[34.618,6.726],[0,-23.281],[-74.581,0],[0,46.592],[7.907,-1.537]],"o":[[-42.183,0],[-7.921,-1.522],[0,46.593],[74.581,0],[0,-23.281],[-34.603,6.727]],"v":[[0,-51.634],[-104.804,-63.281],[-128.1,-40],[0,64.817],[128.1,-40],[104.804,-63.281]],"c":true}]}],"ix":2},"nm":"Path 1","mn":"ADBE Vector Shape - Group","hd":false},{"ty":"fl","c":{"a":0,"k":[0.4,0.270999983245,0,1],"ix":4},"o":{"a":0,"k":100,"ix":5},"r":1,"bm":0,"nm":"Fill 1","mn":"ADBE Vector Graphic - Fill","hd":false},{"ty":"tr","p":{"a":0,"k":[256,362.388],"ix":2},"a":{"a":0,"k":[0,0],"ix":1},"s":{"a":0,"k":[100,100],"ix":3},"r":{"a":0,"k":0,"ix":6},"o":{"a":0,"k":100,"ix":7},"sk":{"a":0,"k":0,"ix":4},"sa":{"a":0,"k":0,"ix":5},"nm":"Transform"}],"nm":"Mouth","np":2,"cix":2,"bm":0,"ix":3,"mn":"ADBE Vector Group","hd":false},{"ty":"gr","it":[{"ind":0,"ty":"sh","ix":1,"ks":{"a":0,"k":{"i":[[0,-141.382],[141.383,0],[0,141.383],[-141.382,0]],"o":[[0,141.383],[-141.382,0],[0,-141.382],[141.383,0]],"v":[[256,0],[0,256],[-256,0],[0,-256]],"c":true},"ix":2},"nm":"Path 1","mn":"ADBE Vector Shape - Group","hd":false},{"ty":"fl","c":{"a":0,"k":[1,0.8,0.301999978458,1],"ix":4},"o":{"a":0,"k":100,"ix":5},"r":1,"bm":0,"nm":"Fill 1","mn":"ADBE Vector Graphic - Fill","hd":false},{"ty":"tr","p":{"a":0,"k":[256,256],"ix":2},"a":{"a":0,"k":[0,0],"ix":1},"s":{"a":0,"k":[100,100],"ix":3},"r":{"a":0,"k":0,"ix":6},"o":{"a":0,"k":100,"ix":7},"sk":{"a":0,"k":0,"ix":4},"sa":{"a":0,"k":0,"ix":5},"nm":"Transform"}],"nm":"Face","np":2,"cix":2,"bm":0,"ix":4,"mn":"ADBE Vector Group","hd":false}],"ip":0,"op":120.0000048877,"st":0,"bm":0}],"markers":[]}